CustomerID,Name,Phone,Address,ID Proof,Status
1,Olivia Anderson,+916979898056,"444, Kanpur",Voter ID,Pending Verification
2,Rohan Lee,+12221892581,"303, Sydney",Aadhar,Pending Verification
3,Isabella Martin,+918205160085,"630, Nanded",Voter ID,Verified
4,David Martin,+15624622470,"184, Berlin",Passport,Verified
5,Isabella Wilson,+13747162966,"791, San Francisco",Driver License,Verified
6,Mason Taylor,+919836562200,"639, Raiganj",Voter ID,Pending Verification
7,Mason Khan,+919153883313,"825, Mandya",Voter ID,Verified
8,Mason Chopra,+917429305621,"946, Indore",Driver License,Pending Verification
9,Mason Brown,+916222689577,"107, Palakkad",PAN Card,Pending Verification
10,Liam Wilson,+919215101489,"128, Nanded",Passport,Pending Verification
11,Amit Nair,+917139679340,"120, Silchar",Passport,Pending Verification
12,Ethan Lee,+918125891732,"958, Gopalganj",Driver License,Verified
13,Ishita Taylor,+916095022683,"178, Chennai",Aadhar,Verified
14,Amit Khan,+13812046929,"648, Singapore",Aadhar,Pending Verification
15,Simran Moore,+18498340700,"503, Tokyo",PAN Card,Verified
16,Olivia Smith,+917633036729,"229, Lucknow",Aadhar,Pending Verification
17,Amit Brown,+919758205751,"812, Gopalganj",Aadhar,Verified
18,Liam Chopra,+919376684969,"550, Lucknow",Aadhar,Pending Verification
19,Ethan Johnson,+917986169406,"953, Kolkata",Voter ID,Pending Verification
20,Olivia Singh,+919345061579,"909, Kolkata",Driver License,Verified
21,Ava Taylor,+17455156984,"817, Singapore",Aadhar,Pending Verification
22,Noah Moore,+17422207073,"471, Dubai",PAN Card,Verified
23,Emma Khan,+918597205671,"904, Patna",Voter ID,Verified
24,Olivia Taylor,+919996761310,"710, Silchar",Aadhar,Verified
25,Ananya Wilson,+918934586150,"313, Kanpur",Passport,Pending Verification
26,Liam Mehta,+919453020299,"975, Barpeta",Passport,Pending Verification
27,Noah Brown,+916815734204,"354, Faizabad",Driver License,Pending Verification
28,Rahul Martin,+917361667029,"512, Ballia",Driver License,Pending Verification
29,Aarav Khan,+918697984805,"680, Chennai",PAN Card,Verified
30,Neha Nair,+919050453686,"665, Mandya",Voter ID,Verified
31,Neha Reddy,+917453313890,"281, Bhopal",Driver License,Verified
32,Rohan Anderson,+919700767825,"609, Indore",Aadhar,Pending Verification
33,Sophia Patel,+916863459862,"430, Mandya",Voter ID,Pending Verification
34,Amit Wilson,+918869960437,"451, Bengaluru",Voter ID,Pending Verification
35,Emma Anderson,+12713186555,"931, Toronto",PAN Card,Verified
36,Liam Khan,+918181049925,"490, Hyderabad",Passport,Verified
37,Kabir Patel,+17823670091,"999, Toronto",Aadhar,Pending Verification
38,Noah Gupta,+16322640483,"546, Paris",Passport,Verified
39,Kabir Lee,+918711382657,"474, Gopalganj",Voter ID,Verified
40,Ethan Nair,+14040488421,"965, Paris",Driver License,Pending Verification
41,Emma Taylor,+919797297519,"499, Mandya",Voter ID,Verified
42,Isabella Martin,+916734989320,"490, Bhopal",Passport,Pending Verification
43,Kabir Patel,+918938204372,"258, Mandya",Aadhar,Verified
44,Ethan Smith,+918505987631,"553, Hyderabad",PAN Card,Pending Verification
45,Isabella Mehta,+918231425188,"182, Pune",Voter ID,Verified
46,Noah Reddy,+14204211338,"677, London",PAN Card,Pending Verification
47,Amit Mehta,+18515915047,"571, London",Voter ID,Pending Verification
48,Kabir Taylor,+916091040618,"559, Ballia",Aadhar,Verified
49,Noah Moore,+919437814727,"214, Gopalganj",Driver License,Verified
50,Noah Nair,+919216029539,"174, Chennai",Aadhar,Pending Verification
51,Ava Brown,+918524972837,"562, Raiganj",Driver License,Pending Verification
52,Simran Lee,+916571278449,"406, Chennai",Aadhar,Verified
53,Liam Gupta,+919242504779,"948, Mumbai",Passport,Verified
54,Emma Khan,+918834840081,"236, Gopalganj",PAN Card,Pending Verification
55,Amit Smith,+916255501082,"313, Hyderabad",Driver License,Verified
56,Amit Thomas,+916225393559,"190, Nanded",Voter ID,Verified
57,Sophia Verma,+13381798530,"884, Sydney",Driver License,Verified
58,Ava Thomas,+16576295299,"681, London",Voter ID,Pending Verification
59,Simran Singh,+917397722551,"844, Dharwad",Voter ID,Pending Verification
60,Ava Gupta,+919393055390,"173, Gopalganj",PAN Card,Pending Verification
61,Amit Lee,+917947409461,"694, Ballia",PAN Card,Pending Verification
62,Ananya Nair,+917144086138,"637, Jaipur",Driver License,Pending Verification
63,Emma Anderson,+918797953799,"466, Pune",Aadhar,Pending Verification
64,Ethan Taylor,+917279595051,"170, Pune",PAN Card,Pending Verification
65,Aarav Taylor,+12205369034,"891, San Francisco",Voter ID,Pending Verification
66,Aarav Smith,+16183437366,"230, Sydney",Voter ID,Pending Verification
67,Ananya Brown,+919877886030,"648, Faizabad",Aadhar,Verified
68,Ava Lee,+918677074864,"494, Nanded",Passport,Verified
69,Priya Nair,+916226845561,"272, Palakkad",Passport,Pending Verification
70,Kabir Martin,+918614140752,"569, Kanpur",Passport,Verified
71,Neha Brown,+919059643896,"413, Patna",PAN Card,Verified
72,Ava Mehta,+919277444909,"292, Delhi",Driver License,Pending Verification
73,Emma Lee,+917201180450,"328, Bengaluru",PAN Card,Verified
74,Rahul Taylor,+918531460620,"237, Kanpur",Voter ID,Verified
75,Ishita Johnson,+919264680442,"803, Pune",Aadhar,Pending Verification
76,Rohan Singh,+15412601345,"367, Singapore",Passport,Pending Verification
77,Priya Thomas,+918592622742,"507, Bengaluru",PAN Card,Verified
78,Sophia Lee,+16047888268,"875, San Francisco",Passport,Pending Verification
79,Aarav Reddy,+19275549335,"735, Toronto",Voter ID,Pending Verification
80,Ishita Thomas,+917768989020,"675, Delhi",Voter ID,Pending Verification
81,David Reddy,+14967030892,"265, San Francisco",PAN Card,Pending Verification
82,Noah Chopra,+918270394982,"876, Bengaluru",Voter ID,Verified
83,Sophia Verma,+15842966781,"136, Berlin",Driver License,Verified
84,Priya Taylor,+17190571853,"444, Toronto",Driver License,Pending Verification
85,Mason Chopra,+15455855361,"188, Berlin",Aadhar,Pending Verification
86,Rohan Nair,+917219755598,"775, Ahmedabad",Aadhar,Pending Verification
87,Rahul Brown,+16567445478,"678, London",Driver License,Pending Verification
88,Liam Patel,+19641242197,"850, San Francisco",Aadhar,Verified
89,Ananya Chopra,+15681167700,"544, Sydney",Driver License,Verified
90,Emma Gupta,+13967032381,"890, Berlin",Driver License,Pending Verification
91,Olivia Taylor,+916604933078,"701, Raiganj",Voter ID,Verified
92,Ishita Verma,+918577566165,"547, Raiganj",Passport,Pending Verification
93,Aarav Khan,+919019187142,"473, Lucknow",Driver License,Verified
94,Ishita Singh,+917392205841,"116, Raiganj",PAN Card,Verified
95,Ava Martin,+15676131832,"808, Toronto",Driver License,Verified
96,Simran Sharma,+919287753731,"303, Palakkad",Voter ID,Pending Verification
97,Simran Chopra,+919648369745,"346, Gopalganj",Passport,Verified
98,Neha Wilson,+918015219830,"785, Raiganj",Voter ID,Verified
99,Ava Verma,+918639696043,"242, Mandya",Passport,Pending Verification
100,Aarav Chopra,+917356877462,"226, Lucknow",Driver License,Verified
